{
  "model_source": "readiness:/Users/daniel/Projects/ДИПЛОМ/model/ml/artifacts/model_readiness.json",
  "bundle_metrics": {
    "rmse_log": 0.29623392430064316,
    "mae_price": 936297.6947650431,
    "rmse_price": 13287811.449436856,
    "mape_price": 4.579022484080766,
    "r2_price": 0.18110577559626906
  },
  "metrics": {
    "mae": 162232407.4748327,
    "rmse": 170146432.23721987,
    "r2": -9.852781178227769,
    "mape": 0.9438189326589077,
    "rows_evaluated": 32,
    "rows_skipped": 0
  },
  "skipped_rows": 0,
  "first_errors": []
}